objectId,createdAt,updatedAt,ACL,Country,CountryName,Manufacturers
qCSyyQND24,Wed Jan 29 2020 10:35:08 GMT-0500 (GMT-05:00),Wed Jan 29 2020 10:56:59 GMT-0500 (GMT-05:00),null,BXkZTl2omc,USA,
2hFg28DzwC,Wed Jan 29 2020 10:35:33 GMT-0500 (GMT-05:00),Wed Jan 29 2020 10:50:02 GMT-0500 (GMT-05:00),null,vBQFvgbzPX,France,
yXHSDHVgpp,Wed Jan 29 2020 10:35:48 GMT-0500 (GMT-05:00),Wed Jan 29 2020 10:57:45 GMT-0500 (GMT-05:00),null,asMYxtQNZx,United Kingdom,
4lYCsHNxoH,Wed Jan 29 2020 10:35:52 GMT-0500 (GMT-05:00),Wed Jan 29 2020 10:47:35 GMT-0500 (GMT-05:00),null,qq2ryXaIYG,Brazil,
HDA0vm63Zx,Wed Jan 29 2020 10:35:57 GMT-0500 (GMT-05:00),Wed Jan 29 2020 10:51:10 GMT-0500 (GMT-05:00),null,cXVjaWqsnY,Germany,
vONX8SSVlk,Wed Jan 29 2020 10:36:01 GMT-0500 (GMT-05:00),Wed Jan 29 2020 10:52:34 GMT-0500 (GMT-05:00),null,hOu7Is3jvO,Italy,
gOAiQZ43Cd,Wed Jan 29 2020 10:36:05 GMT-0500 (GMT-05:00),Wed Jan 29 2020 10:47:07 GMT-0500 (GMT-05:00),null,sbCG0KlS9w,Austria,
FEOP3sYgpW,Wed Jan 29 2020 10:36:10 GMT-0500 (GMT-05:00),Wed Jan 29 2020 10:46:44 GMT-0500 (GMT-05:00),null,8lauBzPLI5,Australia,
C3ScSJNpoR,Wed Jan 29 2020 10:36:17 GMT-0500 (GMT-05:00),Wed Jan 29 2020 11:18:09 GMT-0500 (GMT-05:00),null,pOykqMaxZ,Indonesia,
DnqIFbLRrC,Wed Jan 29 2020 10:36:31 GMT-0500 (GMT-05:00),Wed Jan 29 2020 10:48:30 GMT-0500 (GMT-05:00),null,jPsWdF78Gn,China,
gyM2BhuVCW,Wed Jan 29 2020 10:36:34 GMT-0500 (GMT-05:00),Wed Jan 29 2020 10:53:18 GMT-0500 (GMT-05:00),null,UN9yBtQstI,Japan,
2ASu33PBpt,Wed Jan 29 2020 10:36:54 GMT-0500 (GMT-05:00),Wed Jan 29 2020 10:49:05 GMT-0500 (GMT-05:00),null,FIdcKBVyI3,Czech Republic,
lbpD4cEBAD,Wed Jan 29 2020 10:37:01 GMT-0500 (GMT-05:00),Wed Jan 29 2020 10:54:12 GMT-0500 (GMT-05:00),null,vg1c2CxgQ3,Russia,
EqM2EZFr9r,Wed Jan 29 2020 10:37:25 GMT-0500 (GMT-05:00),Wed Jan 29 2020 10:54:54 GMT-0500 (GMT-05:00),null,c2ZdW21DZq,Switzerland,
a2ZErQjCpH,Wed Jan 29 2020 10:38:03 GMT-0500 (GMT-05:00),Wed Jan 29 2020 10:52:01 GMT-0500 (GMT-05:00),null,4lBFb6Wpq5,Israel,
Fwu3Qg7pPF,Wed Jan 29 2020 10:38:56 GMT-0500 (GMT-05:00),Wed Jan 29 2020 10:54:34 GMT-0500 (GMT-05:00),null,oQQC8mAbuz,Slovenia,
MTxPPgokPH,Wed Jan 29 2020 10:39:42 GMT-0500 (GMT-05:00),Wed Jan 29 2020 10:48:02 GMT-0500 (GMT-05:00),null,mTtBWeeHCo,Canada,
